project,commit_hashes
project,commit_hashes
project,commit_hashes
project,commit_hashes
project,commit_hashes
project,commit_hashes
project,commit_hashes
project,commit_hashes
project,commit_hashes
project,commit_hashes
project,commit_hashes
project,commit_hashes
project,commit_hashes
project,commit_hashes
project,commit_hashes
project,commit_hashes
project,commit_hashes
project,commit_hashes
project,commit_hashes
project,commit_hashes
project,commit_hashes
project,commit_hashes
project,commit_hashes
project,commit_hashes
project,commit_hashes
project,commit_hashes
project,commit_hashes
project,commit_hashes
project,commit_hashes
project,commit_hashes
project,commit_hashes
project,commit_hashes
project,commit_hashes
project,commit_hashes
project,commit_hashes
project,commit_hashes
project,commit_hashes
project,commit_hashes
project,commit_hashes
project,commit_hashes
project,commit_hashes
project,commit_hashes
project,commit_hashes
project,commit_hashes
project,commit_hashes
project,commit_hashes
project,commit_hashes
project,commit_hashes
project,commit_hashes
project,commit_hashes
project,commit_hashes
project,commit_hashes
project,commit_hashes
project,commit_hashes
project,commit_hashes
project,commit_hashes
project,commit_hashes
project,commit_hashes
project,commit_hashes
project,commit_hashes
project,commit_hashes
project,commit_hashes
project,commit_hashes
project,commit_hashes
project,commit_hashes
project,commit_hashes
project,commit_hashes
project,commit_hashes
project,commit_hashes
project,commit_hashes
project,commit_hashes
project,commit_hashes
project,commit_hashes
project,commit_hashes
project,commit_hashes
project,commit_hashes
project,commit_hashes
project,commit_hashes
project,commit_hashes
project,commit_hashes
project,commit_hashes
project,commit_hashes
project,commit_hashes
project,commit_hashes
project,commit_hashes
project,commit_hashes
project,commit_hashes
project,commit_hashes
project,commit_hashes
project,commit_hashes
project,commit_hashes
project,commit_hashes
project,commit_hashes
project,commit_hashes
project,commit_hashes
project,commit_hashes
project,commit_hashes
project,commit_hashes
project,commit_hashes
project,commit_hashes
project,commit_hashes
project,commit_hashes
project,commit_hashes
project,commit_hashes
project,commit_hashes
project,commit_hashes
project,commit_hashes
project,commit_hashes
project,commit_hashes
project,commit_hashes
project,commit_hashes
project,commit_hashes
project,commit_hashes
project,commit_hashes
project,commit_hashes
project,commit_hashes
project,commit_hashes
project,commit_hashes
project,commit_hashes
project,commit_hashes
project,commit_hashes
project,commit_hashes
project,commit_hashes
project,commit_hashes
project,commit_hashes
project,commit_hashes
project,commit_hashes
project,commit_hashes
project,commit_hashes
project,commit_hashes
project,commit_hashes
project,commit_hashes
project,commit_hashes
project,commit_hashes
project,commit_hashes
project,commit_hashes
project,commit_hashes
project,commit_hashes
project,commit_hashes
project,commit_hashes
project,commit_hashes
project,commit_hashes
project,commit_hashes
project,commit_hashes
project,commit_hashes
project,commit_hashes
project,commit_hashes
project,commit_hashes
project,commit_hashes
project,commit_hashes
project,commit_hashes
project,commit_hashes
project,commit_hashes
project,commit_hashes
project,commit_hashes
project,commit_hashes
project,commit_hashes
project,commit_hashes
project,commit_hashes
project,commit_hashes
project,commit_hashes
project,commit_hashes
project,commit_hashes
project,commit_hashes
project,commit_hashes
project,commit_hashes
project,commit_hashes
project,commit_hashes
project,commit_hashes
project,commit_hashes
project,commit_hashes
project,commit_hashes
project,commit_hashes
project,commit_hashes
project,commit_hashes
project,commit_hashes
project,commit_hashes
project,commit_hashes
project,commit_hashes
project,commit_hashes
project,commit_hashes
project,commit_hashes
project,commit_hashes
project,commit_hashes
project,commit_hashes
project,commit_hashes
project,commit_hashes
project,commit_hashes
project,commit_hashes
project,commit_hashes
project,commit_hashes
project,commit_hashes
project,commit_hashes
project,commit_hashes
project,commit_hashes
project,commit_hashes
project,commit_hashes
project,commit_hashes
project,commit_hashes
project,commit_hashes
project,commit_hashes
project,commit_hashes
project,commit_hashes
project,commit_hashes
project,commit_hashes
project,commit_hashes
project,commit_hashes
project,commit_hashes
project,commit_hashes
project,commit_hashes
project,commit_hashes
project,commit_hashes
project,commit_hashes
project,commit_hashes
project,commit_hashes
project,commit_hashes
project,commit_hashes
project,commit_hashes
project,commit_hashes
project,commit_hashes
project,commit_hashes
project,commit_hashes
project,commit_hashes
project,commit_hashes
project,commit_hashes
project,commit_hashes
project,commit_hashes
project,commit_hashes
project,commit_hashes
project,commit_hashes
project,commit_hashes
project,commit_hashes
project,commit_hashes
project,commit_hashes
project,commit_hashes
project,commit_hashes
project,commit_hashes
project,commit_hashes
project,commit_hashes
project,commit_hashes
project,commit_hashes
project,commit_hashes
project,commit_hashes
project,commit_hashes
project,commit_hashes
project,commit_hashes
project,commit_hashes
project,commit_hashes
project,commit_hashes
project,commit_hashes
project,commit_hashes
project,commit_hashes
project,commit_hashes
project,commit_hashes
project,commit_hashes
project,commit_hashes
project,commit_hashes
project,commit_hashes
project,commit_hashes
project,commit_hashes
project,commit_hashes
project,commit_hashes
project,commit_hashes
project,commit_hashes
project,commit_hashes
project,commit_hashes
project,commit_hashes
project,commit_hashes
project,commit_hashes
project,commit_hashes
project,commit_hashes
project,commit_hashes
project,commit_hashes
project,commit_hashes
project,commit_hashes
project,commit_hashes
project,commit_hashes
project,commit_hashes
project,commit_hashes
project,commit_hashes
project,commit_hashes
project,commit_hashes
project,commit_hashes
project,commit_hashes
project,commit_hashes
project,commit_hashes
project,commit_hashes
project,commit_hashes
project,commit_hashes
project,commit_hashes
project,commit_hashes
project,commit_hashes
project,commit_hashes
project,commit_hashes
project,commit_hashes
project,commit_hashes
project,commit_hashes
project,commit_hashes
project,commit_hashes
project,commit_hashes
project,commit_hashes
project,commit_hashes
project,commit_hashes
project,commit_hashes
project,commit_hashes
project,commit_hashes
project,commit_hashes
project,commit_hashes
project,commit_hashes
project,commit_hashes
project,commit_hashes
project,commit_hashes
project,commit_hashes
project,commit_hashes
project,commit_hashes
project,commit_hashes
project,commit_hashes
project,commit_hashes
project,commit_hashes
project,commit_hashes
project,commit_hashes
project,commit_hashes
project,commit_hashes
project,commit_hashes
project,commit_hashes
project,commit_hashes
project,commit_hashes
project,commit_hashes
project,commit_hashes
project,commit_hashes
project,commit_hashes
project,commit_hashes
project,commit_hashes
project,commit_hashes
project,commit_hashes
project,commit_hashes
project,commit_hashes
project,commit_hashes
project,commit_hashes
project,commit_hashes
project,commit_hashes
project,commit_hashes
project,commit_hashes
project,commit_hashes
project,commit_hashes
project,commit_hashes
project,commit_hashes
project,commit_hashes
project,commit_hashes
project,commit_hashes
project,commit_hashes
project,commit_hashes
project,commit_hashes
project,commit_hashes
project,commit_hashes
project,commit_hashes
project,commit_hashes
project,commit_hashes
project,commit_hashes
